id,Predicted
0,.indshmhvHalrWhzbesttwhnHAdbineksylDhimpRizhndinDhkam?hnhstWicHum!.
1,.DhsOvIetskamhmInWylkamhHAvbighnWiTgRoiGtRUtsfrmAfgAnhstAn!piRIhd.
2,.pRyvhtfRIskUlzWrfoRmdbOTinpuRnEbrHudzAnd~inmidhlklAskhm?UnitIz.
3,.gREnzinsybIiskOlhnDhTRethvREnhnfEvrhbhlzspRiGplAntiGkhndiShnzpuSsYblInhndkoRnf?UcrzpRyshzlOrpiRIhd.
4,.Dh?UnytidstEts.hndrtuk.!tUdifendWestrn?uRhphgenstsOvIhthtAkt.
5,.dhbhlkWOtDEdindnWhn!inhjektivsthdI.piRIhd.
6,.bhtimpoRtsikspAndidbyhnIvinlaRjrTRIpYntEtbil?hndalrzkamhkaziGDhtREdpikcrtUWrshnpiRIhd!.
7,.lOdhstkamhDhnhmbrtUprsinilHyfhnkhmp?UtrsoftWeRkhmphnIkamhseznOtsWOtbIhvElhbhlfrhbwtE?iRpiRIhd.
8,.DIInoRmhshmwntshvkaRbhndyaksydinDIAtmhsfiRkazDisHypReSr.
9,.dhbhlkWOt.DeRalothvpIphlindkAnzhsitIWiTpRrdhDeRbAksanDempiRIhd!.
10,.Hwevr.DIimphziShn@hvhnyemAosteRitIpROgRAmHhzolWIzbhn@anhksepthbhlthmistrflhnaRO@.
11,..bhtpRablhmzRimEnfr?uRhpIhnbiznhs.And?uRhpalhtiShnzkhntin?UtiklAmbrfr?uRhpIhnshlUShnz.
12,.tUzdEfeb?uRItenTAnddUlevinpIemIestUnEbIsIz!hkeRhlbrnetspeShl.
13,.miSIO@ezhsenIcyldbhtAttymzHrlyfWEzHrdwn.
14,.hspOksmhnsedmistrnOlznUphziShnWhlbIhnwnshlEtr.
15,.inkantRAstkamhloGgrWhcSoRhtIzrsInezinindhkEtrhvdiklyniGREtskamhezDEprmitfhndmAnijrzthlakinkrhnt?IldzfrhloGgrtympiRIhd.
16,.bhtbEsEDAtif!DEWEthntilshcsynzr+evhdhnthnDhfig?rz!inflEShnWhlbIvinHaRdrtiz.
17,.fhlashfrzhvejhkEShn@ofhndifrinDeRv?UzanDhnEcrhvnalIj!.
18,..EjtIelbI!Hyfhn.Whn.kamh.hvyrhzRUlEtidtUhkWyRrdimAndifiShnzHIsengrhm.kamhizDhkazhtivEjhnthRhdhlt.tI!Hyfhn.sellhkIm?h.piRIhd!.
19,.kantRAksAtfoRd!AndjIAm~olsOikspyrinDI?UesanDhsEmh!.
20,.Dhpap?hlEShnlivzbyHrdiGgOtshndSIpoRbytREdiG!.
21,.indIdDIaRtmaRkitrRIctsDhchfIvrpiclAsfalDhshneksprtsWhndrdifitWudhntbikhmmhpItidindbigitdiklyniG.
22,.DhsyhnshnteknalhjI+EjhnsIWhlspendhbwtWhnHhndrdmil?hndalrzansUprkandhkttivitIRIsrcOvrDhneksttyvv?rz!hndDhministRIhvejhkEShnHAzitsOnsUprkandhktivitIpROgRAmz.piRIhd.
23,.AzRIshnlIHznyntInEtItUkamhOnIsikstInynprsenthvREsitzWrkhnsidrdlAnslyts.piRIhd.
24,.HilAndHARisrolsOdrektrzhvmoRghngRenfelinkhmntnsn!.
25,.inkAlhfoRn?hkamh+enIWE~piRIhd.
26,.bhtDhlosWudHAvbinmhclaRjrfhtHAdn?Uzinhn?UZUhlhkwniGteknIktUtEkWhnHhndrdnyntIsiksmil?hndarzwthvlOnHyfhnloshzrzpiRIhd.
27,.ityGDhsInzaRbidrkamhmbizhnsInbAthlzmoRvakhivUmEjavhDhkrEnavhlDenhshcsstEdpRhfeShnz.piRIhd.
28,.DIofrezEbRilIhndifenskhntRyvdbysAnthfEzinvesmhntbAGkrzhsAlmhnbRhDrz!hndgOldmhnsaks.piRIhd.
29,.mykRhbyalhjIizDhsthdIhvoRghizhmzDhtkAnatbIsInbyDhnEkhnd@y~.
30,.sOitsolveRIpRitIpiRIhd.
31,.DEbIgAntibilhdbOtsWiTDhsEmmrtiRIhlzDE?UzdfrpokoRmId.
32,.WeDrhmeRikhniz~EbhltURIgEnits~AjWhlthpenlaRjlIanDIhbilhtIzhvmistroRmhnAntHhzstA.
33,.DhkrinGt?rzhlatmhnhvTRIpYntsevhnbil?hndalrzWudbIinkRIstbyfyvHhndrdmil?hndalrzHhndrshplhmenchlbhjitRikWestolsOsenttikaGgRhs?estrdE!.
34,.DhpRamhstthfytinflEShndiznatpRhvydhkRytiRIinbyWictUhsesDhfedzpRhfoRmhns.
35,.jORabI!mAvrgOnrDhnhfelzmyAmIdalfhnzditHizpaRtbyOphiGin?UstUdIhmDilzlaRjIWiTpRyvhtfhndz.
36,.DhkAmpEnHhzWansevRhlkRIEtivhlWoRdsinsDhpRadhkWhzintRhd?UstinaktObrnyntInEtIsikspiRIhd.
37,.DEkhnolsOSOHwDhSEphndsyfhvkanthnhntsAndOShnzHAvcEnjdOvrdyG.
38,.SIgantrSakHIsez.bhtDhbighSRakWhznatanDhjab.
39,.dhbhlkWOtDIinsrthnttIlOlHAzinkRIsbysevRhloRdrzhvmAnhtUdkamh.dhbhlkWOtsedI?UesbAGkrHiR.piRIhd!.
40,.!dhbhlkWOtHAkhDhstAtik.bidRIshbmithdfyvmhnshgObIkhmpiRthgenstDhbidDAtHAzbinRifyndOvrhfyvHyfhnmhnTpiRIhd.kWescmaRk.dhbhlkWOt!.
41,.DhsOShldemhkRAtipaRtIzviktrIinDhstEtilekShn~inslesbigHyfhnHOlstynshndEWhzWhnhvDhbighstinmenI?rz.piRIhd..
42,.htAGkrizhSipdizyndthkeRIlaRjval?UmzhvYlohDrlikWhdtkakRt.
43,.pRyvhtfRIskUlz.frfoRmdbOTinpuRnEbrHudz+AndinmidhlklAskhm?UnhtIz..
44,.WiDAnwrzhvizdeT.mrkiGklAspRhcestrzfildDhstRItshdklOmIhtslhmzhndviljhstz.
45,.!jIeEsIvRIshnlIstaRtdhkRUsEdthprsWidjIemdIlrztistiRkhsthmrzindhSoRtrtrmlOhnzpiRIhd!.
46,.Dhstak.WichzgEndTrdIfyvprsentsOfaRDis?iRklOzdAtfistIfoRdalrzinsevhnIfyvsens!inbigfoRd.tREdiGm?estrIz.
47,.fhsydTAndtishpEtidcaRjrzkamhhDrfAktrzkhmbyndthHrt.jIemzfoRTHyfhnkWoRtrhndfulHyfhn?iRRizhlts.piRIhd!.
48,.ifmistrREghnWansestIytbIhlAstiGlekhsIhHsAdministREShnkamhitWhlbIneshseRIthstatbildinanDhshpoRtDhtaRedIhksispiRIhd.
49,.kWOdiGdiphlmAtikhnbiznhssrshzhnzyrDhnUzpEprRipoRthdDhtTRISipmhntshWephndzrRyvtADhbEstlAst?iR.
50,.htAGkrizhSipdizyndthkeRIlaRjval?UmzhvYlorR@hDrlikWhdkaRgO@.
51,.foRDhfrsttymin?rzDhRiphblikhnzolsOkApcrdbOTHwshzhvkRIt.
52,.DhmrstEtIzAndbAemdhbhl?UpROgRAmzbaRkDhfrDrspRedhvhnsentivth+otOmEkrzfHU?UZhlIHAvstEthWEfrmRIbEtsindiskwnts.
53,.bhtbokTrzbilIvthkhmphnIHAzhkRedhbilhltIpRablhm+Aftritssiks?UhsOSIEShnRvRItElrjEsIpenIkhmphnIWuc~enditlekh.
54,.hmhGbDIiSUzinDhdisp?UtrWEjizkamhshbkantRAktiG.AndWrkrUlzpiRIhd.
55,.inDhmhnImaRkipbREtsonDhtReZrIzlEthstTRUmhnThndsiksWhnbilztiklynthsytlI!.
56,.nwDhREtiGzHAvshGksOlO@DAtitmhst?UzalOphnAdtymnekstkoRtrfrmEk.gudz.piRIhd.
57,.HwizitfiRtU.prtektDIatOWrkrnditRYt!AndDeRfoRREzdDhpRysiDhn?UkaRfrDhgyinthpItRIhd.
58,.dRekshWhtUplEstsAlmhn.AzinvestmhntbEkrtURevkO.kamhWiciztRyGtURIkhnstRhkt.detAftrElevRijdbyHyfhn@wt!piRIhd.
59,.DeRIsemkazfrapthmizhm.
60,.fhlashfrzhvejhkEShnofhndifrinDeRv?UzanDhnEcrhvnalhj.
61,.itWhzWhnTiGWinAGkrminyjanhfyddhbhlkWOtkhntRIzWhntisiksdhbhlkWOtbyDeRAkShnhldEmzfriRhnHyfhnkantRhv?UrzpiRIhd.
62,.DhjYntkhmiShn!bEstinShkagO.izWonhvDhmOspaRbhlhnsdigutivgRUpsinolHelpiRd!.
63,.bhtitkWiklIbIkEmpliRDAtitWhznOmhstAk.AndnOREdr.
64,.kimdEZ@OGHAzRIjektidHizRyvhlzofrhvDhpaRtIpRezhdhnsI!AndhsIn?rphziShn~itRtkim?hGsAmghvrmhntpiRIhd.
65,.mistrbuSkinRipoRthdlIfEvrd!kIpiGDhkhmphnIHelRyDrDhnakSniGinhvijhWlAsets.
66,.DhkhmphnIzdetWhztWenIsiksprsenthvkAphthlAtDIendhvDhsekhnkoRtr.itstaRgrESIOiz.TrdIfyvprsent.
67,.lykDhpIkiGmIdIhznankhvrijhvDIiniShlcynIstUdhntdemhnstREShnztyWantstihbighstnASnhldElIzHAvfrmhnTsolbitignoRDhdhmestikstUdnhnRets.
68,.stilkamhezstEksceRmhnkamhjEemkAndhlkamhizkWiktURignalijkamh@dhbhlkWOt.DhpEprindhstRIizveRIkhnsrvhtivpiRIhd.
69,..tAkshzHAzbOtTWenrzAndlUzrzDis?iRpiRIhd.
70,.WinkhlIdidinyntInEtInynkamh.DhplAnhnhlinkRIsDI~oRgaGkhpAshtIvDhphstifiknoRTWestbyTrdIprsentkamhDhkhmphnIsed.piRIhd!.
71,.Dhpap?hlEShnlivzbyrdiGgOtshndSIboRbytIEd!.
72,.yWantthsIzimyskRIm.
73,.mIntymkamh@mistrmhkaRdTIhzRrplEsiGki?Un?hnhfiShlzkamhinklUdIhnsjenrhlkwzhlhndsemngOSIEtrzpiRIhd.
74,.baln?UehziRelhtivlIlOTRUHhnrdsikstITRIpYntnynmil?hnSeRzolDOhvbhvDhtTRUHhnrhdTrdIEtmIhnSeRz.tREdidtUzdE!.
75,.hnfAtkamh.DhpROf?UiZhn!hndvryhtIhv!mistrHathnzWrk!sImthHAv.givinDhSOhsoRghnyzrzshmpRablhmzWiTitspReshntEShn.
76,..hmeRhkhnikspReststillIdzkamh@DOkamh@WiT~EtIfoRhvDhtapWhnHhndrdstoRztEkiGitskaRdpiRIhd!.
77,.ymHhntiGelhfhns.
78,.mistrjOshfWhzpRIvIhslIpRezhdentAndcIfaprEtiGofhsrhvkhm?UnhkEShnzsydlykkoRprEShnhvWaSiGthnkamh@dIsIpiRIhd!.
79,.kAnhditsmhstREdDAtlIstfyvTwzhndalrzinindhvijhWhlkantRhb?UShnzhvhndrtUHhnrdfiftIdalrzinAtlIst.tWenIstEts.
80,.WhttRigrjIRzn?UstRAthjIizhnkliR.
81,.dhbhlkWOt.DIimIdIhtkhtinkhnsUmrwtlEzWudbIOnlIhbwttWenIbil?hndalrztitWenIfyvbil?hndalrzkamhAndDOzrsmolnhmbrzindoRikanhmIpiRIhd!dhbhlkWOt.
82,.dhbhlkWOt.itshnhdiSnhldalrhfedrhlspendiGHetWudHAvdinDeRbifoR.kamh.dhbhlkWOt.mistrswnbREsed.piRIhd!.
83,.DishlwzDhSAftticEnjitseGThnddrekShnezDhkaRWIlzmUpbhphnddwn+.
84,..DhstAcUhvlibrtIAnd~elisylhndHaRWiTinDhn?UjrzIWotrznU?oRkbE.
85,.DhstAcUhvlibrtIAnd+elisylhndzhaRWiTinDhnUjrzIWotrzhvnU?oRkbE~.
86,.DhkwntIkhndhkthdthkosrIHelzinfyinspekShnhprmh!.
87,.DEkhnolsOSORHwDrSEphndsyzhvkanthnhntshndOShnzHAvcEnjdOvrtym!.
88,.mhchvDhgRwndbIfkhnsUmdinDh?UnytidstEtskhmzfrmdeRIkwz.
89,.DIeksHyfhnhtrnIjenRhlHAdtesthfydfrWolhkAtDhtRylinnU?oRk!piRIhd!.
90,.HIintRhdUstDhRytiGhviGgliSinthhkrik?hlhmDAtHAdemfhsyzdlAthn.
91,.inmOstkEsizOnlIhf?UaRthfAts!hndDhfwndEShnzhv.bildiGzkhnbIsIn!.
92,.itsElzgROitislytlIslOrpEskamhHIsezkamh@DhRRizhltHizHyrinvhntoRIzhndHyrfynAnsiGkassoRmaRtwnzpiRIhd.
93,.!HIevrhbtEnd~Eik?uRhkhndemik.phziShnoprmhnhnt!implYmhnt!.
94,.AitskaRhntSeRpRys.noRTIsmaRkitvA?UizhbwtWhnHhnrdtenminl?hndalrz.
95,.iklipshzhvDhshnAnd@mUnHAvloGmEdhdIpimpReShnanH?Umhnkynd.
96,.DEaRtifREdhvlaRjdiskwntrzshcezkEmaRtinDIRh.
97,.!mInWylkamh@lAstWIksrjinYlpRysizHhzbUstDhbRitiSpwndpiRIhd!.
98,.WinDIenrjIindhstRIWhzgOliGkamh.dhlOnzWrHylIpRafhthbhl.kamhofhn?IlliGttURTRIpYnts~OvrDhpRymRytiRId!.
99,.mykRhbyalhjIizDhsthdIhvoRghnizhmz.AtkAnaRpIsInbyDhnEkhd@y.
100,.OnlItU?rzhgO.EtHhnrdeksanimplYIz.ak?hpyd.TrtInfloRzhvbit.YljyhnsnU?oRkskyzgREpr.RI.
101,.DhlIdrSipgADrdAtDhlIvr@WhlbIcaRjdWiTDhlAkhvdishplhnd.
102,.foRhdmhnIHhzpoRdinthWestjrmhnIsinsDhkhntRIhbaliStizpRIvIhstWenIfyvprsentWhTHOldiGtAksanintRistpEmhntsinnyntInEtIfoR.piRIhd.
103,.cyn@hndrWenthphlithkhlc?UlAftrfebUWeRInyntInEtIsevh.
104,.HAzpRIvIhslIRipoRthd.kamh.mistrtRhmpphzsIkiGtipRrventbAlIfrmbyiGgOldinnhRgitinkoRprEtidzkhsInO@Hyfhn.HOtel@inhtlAniksitI.kamh@mUcrzI.piRIhd.
105,..inRIshnt?rzSIHizpRymeRhlIhpiRdintelhviZhnfilmzshcezlithlgloRIh.
106,..HIsednigOSIEShnzWiDhbAGkkamhh?UnithvWelzfaRgO.AmprsAnd.khmphnI.kamh@aRkhntin?UiGpiRIhd!.
107,.sensedDhpRablhmzDhtledtiDhlosHAvdhbhlkWOtlaRjlIbinRIzhltkamh@dhbhlkWOt.hndDhtitRisIvRekrdbukiGzinitsfoRTkoRtrpiRIhd.
108,.bOTphtROlIhm+hnd!nAcRhlgAsdhpazhtsrskAtrdTRUIstrn+OHyO@.
109,.inmOskEshzOnlIEf?UaRthfAktshndDhfwndEShnzhvbildiGzkAnbIsI.
110,.mistr?UhlHUHAdbinvyspRezhdenthnddhk?itIjenRhlkwnshlhvtenhkO@shksIdzmykhlaRWolrHUizentriGhpRyvhtlapRAkths.
111,.!HIz~hndrDhghndhHOldwnpRysizkamh@dhbhlkWOtsizjeRIjEjAznwskIkamhtIfikanhmisfrDhnASnlhsOsIEShnhmAn?hfAkcrzpiRIhd.
112,.sevRhhlhhDrkhmphnIzrdivelhpiGDeROnsisthmz.piRIhd!.
113,.hpeRhntlIkamh.DOkamhinvestrsIshmdAt?UinAlhgEnI!!piRIhd!.
114,.frhpap?hlEShnWiTlOddeTREtshndnOnetmygREShntfrplEsitselfkamh@DhtOthlfrtilhtIREtnIdztibIhbwttUpYntWhn.piRIhd.
115,.mistryhkOkhlEdmhchvDhblEnfrDhkhnOShShtdwn@anfoRmkamphtiShn.kamh@sphsifikklIjAphnIzotOmEkrzpiRIhd!.
116,.insydezhblAsthvbydhnHItinnYAzpiRIhd.
117,.!AnhlhsolsOkWeShnDhfithvDhkhmphnIzTImpaRtskamh.Okamh@EGhsElhvDAtaprEShnkudfalO.piRIhd.
118,.DhmhSighnpROgRAmkAntstaRthntilbIintrnhlRevhnUsrvisgRAnsitstAksigDempstAths.
119,.bhtmistrdhglhskrmhstinpRhnwnsthtUtmsk.
120,..Welkamh@klAskamh.WelkhmtiDhf?Ucr!piRIhd!.
121,.tOkIOezmUnishphlghvrmhntthplAnztisethphtImtiHelpsWolbizmishzhplyzsUprkandhkttivitIRIsrcthpRadhks.piRIhd!.
122,.infAkt.hnhbrvilIinstitUShnzrpRyviG.hndpaRtbikhzhvDrHylIshksesfhlfhnREziGhfrits.
123,.iklipshzhvDhshnrndmUnhvloghmEdEdIpimpReShnanH?Umhnkynd.
124,..dhbhlkWOt.WITinrdhpiRIhdWr+IkhnamikpoRsizaRpRhdUsiGtRhmendhstREnzonbiznhs.kamh.dhbhlkWOtsezloRhnsObRyhn.kamh.htAkslabIhst.piRIhd!.
125,.shmkRitiksHAvWanDAtHasthltEkOvrzmEHaRmbAGksenSundvRIskRItnyzsmoRDhnhDrmrjrz.
126,.hnhDrkRitisizhmizDhtgivfhndzplEskuRiRfoRhnsrvisAmbAsdrz+AthdishdvAnijkhmpeRdWiTphlitiklIhpYntidembAshtrzpiRIhd!.
127,.itshnlykgIDAtmistrbREdIWhlbIEbhlthkhmplItDhpRajekthnDhdyiGdEzhvDIAdministREShnDhhfiShlseRIz!.
128,.+AndRIkoRtrindhkEsDAthkapfithloRmDhtSudHAvhlrdiDhkRUj~hndpRaprlIsetslAptstihngOlof.piRIhd!.
129,.DhjuRI@olsOfwnDAtklEthn!hndrmhzeRIkamhnlaHAdbRIctitsfidUSIeRIdUtIzbikhzhvself.HyfhndIliG!piRIhd.
130,.WInmWylkamh@nathsOnhltRydIIs?Ues.Hyfhn!jhpAntREd!tenShnzdriGtoktsWuREginDisWIk.piRIhd.
131,.itizWhnhvDI+rlIhst~ygRkhlcrhlvilijiz?et.diskhvrdinswTWestEZh@.
132,.HIizhmEjrfig?rhmhGRytrzHUbREkhWEfrmDIhmeRikhntRhdiShn+hvRIlizh.
133,.noRTRhpseditizinvesthgEtiGhDrAlhgEShnz.piRIhd.
134,.nOfynhlbhcutdisiZhnzHAvbinmEdAtDhWytHws.piRIhd.
135,.menIeksprtskamh@tU.kamh.sEitizhnfeRtikhndemhnintyrbRIdbikhzhvhf?UvylhnAnhmhlz.piRIhd!.
136,.fedRrhlfhndzDIzhlIkudRimEnAtsevhnhndWhnHAfprsentinkhmiGWIksHIsed.
137,.!WIhksepthnpRinshphlDhtDhttymmEkhmWhnWIHAv!tiAkt.
138,..bhtgivinDhpRymminhsrziksRoRdhneRIdekhnamikshksesinbREthnkamh.tinbytbIWrTinkWyriGWeDrpOlhndmytbenhfitfrminOhvpROckOlhn.hplydTAcrizhmpiRIhd.
139,.DenjSIsIzDhpRystAGtWenITRIdalrzpwnd.
140,.hbighpsrjindivoRsizizikspektidhmhGstak.bROkrzinvesmhntbAGkrzAndtREdrzinDhWEkhvDIaktObrnnEntInTkRASanWolstRIt.
141,.dhbhlkWOt.WIRnatRekhmendiGenIfoRmrvRIkApithlizEShnAtDiztymkamhAdlIWhlatbIhpaRtItienIfoRmhgRInmElitenItympiRIhddhbhlkWOt.
142,.DhboRdolsOdisydidhgenstpEiGhtUprsentstak.divhdendfrnyntInEtIsevhnsemIkOlhn.jenkoRpHAdbinbAiGshcdithtensinsnyntInsikstInyn.piRIhd.
143,.DhkhmAndrolsOsedmaskOWhlnatkhntestDhkApcrhmhpRrvinShlkAphthl.myAfgAnRebhlzpiRIhd.
144,.pRyshzhvaRedtIRizhnAndintitUShnhlinvestrzWhlfyndditHaRdtikIpmhnIflOiGintUDhsekhnsekShn.
145,.DEbigAnthbildbOtsWiTDhsEmmhtiRIhlzDE?UzfrpoRthbhlSeltrz.
146,.sEntlUisnhmbrtUplAntWrkrzHAvbinanstRyksinsaktObrfiT.
147,.itsHAl?hnhfiShlzIDAtROmzdisiZhndigRAnthbwtEtsevhnHhnrdsevhnIfyvmil?hndalrdeRhntIhpekspoRtkRedits.WhzpRymeRhlIhtphlitikhl.RADrdinhbAGkiGdisiZhn.
148,.DIolHyfhnoRdhneRIzindeksfelEtInpntTRIkamh@oRWhnpYntWhnprsent.kamh@tUWhnTwzhnkamhsiksHhnrdtWenITRIpYntsikspiRIhd.
149,.DEnOtidezWelDAtDEkhntin?UtUbIAktivinRIlistEtdivelhpmhntpiRIhd.
150,.jhpAnfylzmoRpAthnsWUldbWydDhnenIhDrkhntRI.
151,.+hjOnsedHitbIgAntHeztiGROgEnanWimhnEnnyntInEtIsevhn.kamh@hbAtfoR?rz~AtrtestsambaldiGmenbigen.piRIhd.
152,..WhnpRhspRekthdbyrzHOkrkoRprEShnkamh!inostROiG?hnRelistEtkhnsrnDhoRedI@Ondz.bI~hlpmhntAndbaGdWhttelrstoRzpiRIhd.
153,.bhthndrDhn?UzTRiftplAn!kamhDiginiinjAeRIfedrhlemplYIzkhncUzdhputDeRrityrmhnsEviGzinstank!oRbandfhndz.piRIhd!.
154,.bhtIvinWiThlObREkIvipYntimpRUvdkWalhtIhndpRadhksshksesizdanp?UtrzinabvIhslIWrIzAtDhWotrzWhlpaRtbinIzHizfIt.
155,.DhsIjdbykolzfrmDhpRes!HIsedHIWentUiHtilneRzofhs.
156,.bhtitWhlHAvEtlatmoR.det!DAniHAdpRIvIsliG.piRIhd!.
157,.indesprEShnkamhstoRiztRyGdtUWinbAkSRaprzWiDaRshplyzkamh.lynhnspiRhsdASHIintRhvhkhlfiSpiRIhd.
158,.~AndinhpiRIhdklImhnspREShn.
159,.jhpAnhWlhllw?UesbAGkstiaprEtsik?uRhtIz?UnitsinDhkhntRIhfiShlzsed.
160,.bhtmistrtROdrzletrsedDhtDhmhSInesWOlmevrhksepthfE+wRpkhmbUImoRbIstAmpItidinth+hnneshseRIoRimpRUdhv!AkShn!.
161,.h?UeshpIlzkoRtOvrtrndijejizRUliGDhtDeRWrdhbhlkWOtvesthjizhvsegRhgEShndhbhlkWOtin@AlhbAmhkalijizin?UnhvrshtIzpiRIhd.
162,.milteRIpalhsIWhztikIpDhtREvlrlRwtsORhnhndprtektDhsethldeRIhz!.
163,..itizDhsnytEShnhfRIdWhtlIfEmrdindkhnsisthntlIdhstoRdidby~AdbhkhtshvhlAstikkigzek?htivpwr.piRIhd.
164,.maRvingrstinkamhDIhtrnIfrt.michlAntrkamh@sedizklyhntinyzDIAlhgEShnzinDIesIsIs..RI!.
165,.DhsAndinIstistilHavshpoRthdmhchvDhkhntRIkamhDhDhWoRhndr@UhndikanhmIHAviROdidDeRpap?hleRhtIpiRIhd.
166,.DhfImElpRhdUsiz~Elitr@hvtUtUfoR?hGinnOvembrAnddisembr.
167,.kOkhkOlhseditspROfoRmhdetWudbIRIdUsttUhbwtnynprsent.htOthlkAphthl@.
168,.b?annyjiRhndetmistrtRefgaRnsezlUmzDhpRaspekthvtrniGlAthnhmeRhkhnkhntRIzdetindhsik?uRhtIz.
169,.pRIdsrpRyshzfeldziROpYntTRIprsenthndisembrkamhindhkEtiGinflEShtnDemEnzhndrkhntROlpiRIhd.
170,.pRysizhvaRedIRizhn!hndinstitUShnhlinvestrzWhlfynditHaRdiklImenIflOiGinDhDhsekhnsekShnpiRIhd.
171,.bEshmtymmSwdhkRozDhsfIlkOlhn.tUkIplEWidbE~gRUt.kWeschnmaRk!.
172,.~hDrAnhlhstssEDhtmedikhlRIHAvstaksolsO@vDhnHrtbikhzDEHAvbhnhkWtdWiTRhbhldnrsiGHOmkhmphnIz.
173,.paltiShztRhdiShnhlIdhpludgEmzhvtRikhnbeRitymDhnASnhldetHhzpuSthphginstDhlenthslEtidsIliG.
174,.DhfedzmEkiGevRIefrttikIphpfedfhndz!AEthnWhnkoRtrprsent!.
175,.HAnRUl.dintnEmrshkseshnsiIhd.
176,.infAktkamhmistrmAzlhmkamhDhdemhkRAtikpOltEkrpamhsezkamhdhbhlkWOt!mistrpiRIhd.
177,.!DeshlwzDhSAfts?UcEnj~Etslend.AnddyRekSin!AzDhkaRWIlzmUv~hp+AnddAn!.
178,.nwkamh@DIyResUlzWhtDItilhtIzolsOmtythlthlosthdhkShnfrDhkastshvbIbAndinplAntpiRIhd.
179,..oloGWiDAtsrcHizkamhniksplOZhnhvhnhDrsoRthG!d.
180,.ti?rzhgOkamh.DhpOzddikleRdDhnnigOSIEShnzAtAnimpAshndimpOzdmenIhvDIkhndiShnzinitspRhpOzdnUkantRAktpiRIhd.
181,.RabrtREfkamh@hsIcEloRhnzAnhlhstkamhsezRItElrzinRIshnt?rzHAvbinbodEtshksesivlIHyrpRysizpiRIhd!.
182,..apthmizhmhmhGmAn?hfAkcrrzhvnanduRhbhlgudzWhzDhHyhstAtEtItUprsenthpsevhnprsenijpYntsfRrmDhpRIvIhskoRtr.
183,.DIInoRmhshmwntshvkaRbhndyaksydinDIAtmhsfiRkazDisHypReSh!.
184,.menIskWebhlzbROpwi.
185,.DhfedrhlfhndzREtfelslytlIkamhAvRijiGjhsttOvrsikshndTRIkWoRtrzprsent.piRIhd.
186,.bizmaRk.srvzezhtREdhndSipiGpYntfoRhneRIh@hvlaRjmekhnyzdfaRmz.
187,.!DhbAGksWhvezpaRthDeRefrttitesthnikspAndDhlimhtsAvsik?uRhtIzhndbAGkiGloz.
188,.bigboRdval?UmtOthldWhnHhndrdfoRtIfoRpYntsevhnmil?hnSeRzkhmpeRdWiTtUHhndrdTrdIfoRpYnttUmil?hnfRydE~.
189,.HizgREthsfiRzDAtHizigzAmpWhlfoRshDrinthlekcUlztikIpDeRHAdzdwn.piRIhd.
190,.mistrtRhmp.kudhnbIRIcfrkamhnt.
191,.HAviGDhbaRpAtrn+anmypAstcektilektRAniklIhbwtWhnTwzhntymzmEbIfIl@lykhtUpEstkaRthnlIviGhsUprmaRkit..
192,.DAtR?UlizEShnizWhtpRampthdDhSaRbhjitkhtsDhsAhn@rlIrDis?iRpiRIhd.
193,.bymidHyfhnmhnTHIHhzmEdfoRtIkantAkskamhtUHAvgivinIUnEmzhvOvrWhnHhndrdhDrpIphlthkolpiRIhd.
194,.DhRIjhnhltoksansik?uRhtIhSUzWudinklUdshbjeksDhtWrntkhvrdinDhpIspAktsyndbyDhfyvsentRhlhmeRhkhnnEShnzinoghstingWahmbhn!.
195,.DhdisendhnhvhpRamhnhntHymgeRIhnRrbinikhlfAmlI!mistrsOfrmEjisfoRchndriGDhnnyntInsevhnIzbydiskhvRiGYlinDhsynyDenizRElIak?hpaphz.
196,.DhWhnHhnrdSeRindekskEndtWenIsevhnpYntfoRpYntstisethlAtWhnTwzhnEtHhndrdsikstIsikspYnttU.
197,.foRolDOmistrHatnIztAlhntintURijhntAlhtIrjenRhlIikknalijkamh?iUzbRigaRdidinshmkWoRtrzizmoRivIgivtijhlhstREtdrzinhmEjraRtistpiRIhd.
198,.WiwRlIimplYIzkamh@EtInprsent.piRIhd!.
199,.!HIzplAniGahnspendiGsevhnmil?hndolrzanAdvRhHyziGhpprmOShnDis?iRkamhRipeRdWudhbhlkWOt.hkhphlhvmil?hndalrzdhbhlkWOt.iDhpAstpiRIhd!.
200,.!lAstWIksevRhlpOlzSOdDhtoRIzOvrtEkiGDhlibrhlz.
201,.DEWranDhstRItskamhindhstEIhmzkamh.HAndinDIOlhmpik.Rezhdenchlkamplekshz.piRIhd!.
202,.DhkhmphnIlAs?uRHAdhloshvEtInpYntfyhvmil?hndalrzanRevhnUhvTRIHhndrd~EtIfoRpYntTRImil?hndalrz.
203,.hf?U?rzlEtrkamhinnyntInsikstIEtkamhRUfrdhnhbhnchm?UziShnzHImetTRUhnAdinmilhtImEkrfoRmdhbAndpiRIhd.
204,.WinDhbAstfAlIhkWyrdhlaRjstEkin?Un?hnkaRbydkoRprEShnAftrDhpestdisydplAntAkshdeninbOpalin?mistrlAmfalhndsUt+.
205,..bhtHiz~EddsE!HIWhzkhnvenstDAtHIWhzdUiiGDh@RytTiGh.piRIhd.@.
206,.khnRAjhlEShnztUmistrlEnfrkspResiGDhtRUfIlinzhvmOshvhsHhsrtinbIhtnam@.
207,.itssedt?UzdEDAtitsRIzrvizdhbhlkWOtrpROvRIhtfrDIAsetmeksinDIOvrolpoRtfOlIOpiRIhd!.
208,.!DeRWhlbIhbwtTrdIsiksTwzhndhvfemDis?iR+piRIhd.dhbhlkWOt.
209,.fhlashfrzhvejhkEShnofhndifrinDeRv?UzanDhnEcrhvnalhj!.
210,.YlhngAsintRisRhnnoRTfrmH?UsthntoRdtelshhndDhRakIzpiRIhd.
211,.DhHatfUhdhsrk?hlEtidTUhthhblOkEiDhlOrtAGkvDhREdIEtr.
212,.hnlhshDrWyznOtidcEnjizinvalddiRektHOldiGzhvkamhnstakintRukplEshndisembrnnyntInEtIsiIhd.
213,.DhtDhnEShnzhvWestrn?uRhpnOHwthbildtAGGksdASveRIgudWhnzkamhAShlI.dAShndHAvDhRIsoRsiztidUsO.piRIhd!.
214,.HAzRIshntlIeznyntInEtItU.kamh@OlIsikstInynprsent@hvREsizWrkhnsidrlAnslyz.piRIhd.
215,.!OlsmhtlIdidetHizpEdWiTfhnzjenhmEtidbyDIIhkWyrdkhmphnIzaprEShnzoRdistElhfisAsitspiRIhd.
216,.~AndWiTinhkhphlhv?rzkamhjE~EtIpIWhzhnASnhlfrnamhnanpiRIhd.
217,.sevRhldivalhprzHAvhpROcDIikscEnjiz.hbwthDrsyts.piRIhd!.
218,.madrnilektRaniksHAzbikhmHylIdipendhntaninoRgAnik.kemhstRI!.
219,.DIoRdrztiphtlIbaRphblit.disemhnEShnhvRekHrjindiphziShnzdIvinAftrIsethlmhntoRvrtikt!.
220,.DIfrnAnShltymz!TrdISeRindeksWhzhp.tUpYntnynpYnts!AdWhnTwzhnfoRHhnrdEtIfyv.pYntstiks.
221,.menIAkWhziShnzkamh@frigzAmphlkamhrnwfynAnsbysOHyfhnkoldjhnbandzkamhAzaRlevRrijd!lywtspiRIhd!.
222,.driGDhfalOiG?rzHItRyd@hnshksesfhlItUgetitinthprdhkShn.
223,..WIWrjenthlmhn+hbwtit.piRIhd!.
224,..inRIshnt?rzSIHhzpRymeRhlIhpiRdintelhviZhnfilmzhcezlithlkloRIh@.
225,.inhdiShntUhlaRjf?UhllOdfrDhflyttifUnikseRezOnh.DhflytWhTjAmdWiTpAshnjrz.
226,.DhstAcUhv~librtIAndelisylhnd.aRWiTinDhn?UjrzIWotrzhv!nU?oRktE!.
227,.!WIkhmezfaRzWIHAvkezRilYlWIchDr.
228,.AftrDisWIjinDeRzles.
229,.mistrOnizfilisafhkhlhbwnit@olpiRIhd!.
230,.mOstAnhlhstssedDIinrnAShnhlaprEShnzhvDht?UbAGkzmEdhkudfit.piRIhd.
231,..fedRhlghvrmhnt!mEHAbOvrHyfhn.bhjditbhtDAtinEbhldhRAphdRIbildiGhvDh?UesmUlhteRIstReGT.piRIhd.
232,.Desl?UShndikWyzdivelhtmhnthv!DIH?UmhnkhpeshtIfrsOSh!inkrn+.
233,.hvyRIsimhlrkEshkrdWiDhnhDrnASnhlRItElrDhtsottURidUIhsOvrHAdAnaprEtiGikspensiz!.
234,.DEdOnRIhlydDhtn?UzizpeRSthbhlkhmplEnWhnpRORAmdrektr.
235,.ditizWhnhvDI+rlIhst+AgRhkhlcrhldilhjhz?et.diskhvrdinswTWestEZO@.
236,.AnDhsicUEShnizhnezbAhzitkudbI!.
237,.DOzstaksfelbitWInTRIEtTsindWhnhndWhnHAfpYntspiRIhd.
238,.driGfalOiG?rzHItRydhnshksesfhlItIEtidinthprdhkShn.
239,.DhlAskWeShnWhzolbhtigknoRdpiRIhd!.
240,.lAkhvRUlzfrikspOZrmanhtriGAndmedhkhltestiGkampRhmyzizDOslimhtsshviRlISIsed!.
241,..ynUyWhzhtgOinthplitfuWolDresthmylyd!piRIhd!dhbhlkWOt!.
242,.bhtWiDOnlIhf?UWIksleftinDhkrhntkhngReShnhlseShnkamhluthlevitHAzbikhmla@piRIhd!.
243,.DeniiniksplukhblIhtf?UwRezlEtrolkhm?UnhkEShnbAniSciz!piRIhd.
244,.WolmistrREghnHAzhmmetWiTmistrToRnmr?et!DEaRikspektidtUmItitDhWytHAzthdEtisIDIhgRImhnt.DhsoRssed!.
245,.lIdzindslOgROiGfAtshndYlzkAthgoRIzshcezcIz!maRjrhn~hndsylhdResth.
246,.HeptbyWenzdEzWolstRItRAlI.AndimpRUvkhmadhtIpRyshzstakpRyshzpOstidRObhstgEnzinsitrhn!.
247,..inmOskEsiz~OnlIhf?UaRthfAktsAndDhfwndEShnzhvbildiGz.kembIsIn.
248,.HIWudcaRjklyhnshnhnvAnsfIhvWhnprsenttiinjfynAnsiGfrDeRbiznismencrz.piRIhd..
249,.dhbhlkWOt.yWImEkiGigzAktlIDhRytbAlhns.kWeschn.
250,.sezE?UesghvrmhnthfiShlintOkIOWIHAvtUbIskeptikhl.
251,.plhsdinyntRhbhldfrmzDhcensthdivrshfyDeRhlOnpoRtfalIOzhndthpRysmoRRIlistiklEtmythfoRsthmtUinkaRtIvinmoRRiskinDAttRhdiShnhlAktivitIz.
252,.hbigkWeschnhvwtHimezWeDrHIkhniksytvOtrzanDhsthmp.piRIhd!.
253,.HIWhlbigintestiGstAnhlhnsElzDismhnT.
254,.DhtWhzDhfrstIHrdhvin!.
255,.DhmOsjYshventhvolAdzmistrROWudbIthsIDhkrRIhnphnhnshlhpIsfhlIRI?Unytid.noRThnswlT.
256,.mistrkilIzhpYntmhntstilIvzWhnvEkhnsIanDhsevhnHyfhnmembrfedboRdpiRIhd.
257,.!~idsAdkamh@bhttRUkamh@Dh~intrnAShnhlspoRtiGAkspAbhgAnzhzHAvkhmthbIkhnvhktid~hndmidDhsoRdhvsi?uRhtI~htUWyzRizrvtdfrDhtRAvhlzhvHizhstEt!piRIhd.
258,.stakpRyshzRAlIddispytshmskitiSnhsanDIIvhvDhkRASizfrstinhvrsrIpiRIhd!.
259,.fedrhlikspReskhlektsmoRDhnHAfDhRevhn?UindWhtiznwmoRDhnhsiksbilI?hndalrindhstRI!.
260,.indIdDhn?uR?UestREdbilgivzDhWytHwslesRUmdisydstepaniSiGjhpAnfrtREdvyhlEShnz.
261,.DhsUtsItspEmhnthvEtITRImil?hndalrzhvlOnablhgEShnzplhsAntRhsthnlhdpyRhd.
262,.nOWhnrDEaRRibeliGsizdIkWinmilzpRhfesrhvbiznhsAdministREShnAtHaRvrbizniskUl@.
263,.oRhjinzrkazhzhvspantEnIhsm?UtEShnaRnat?etkhmplItRIkliR!.
264,.dhbhlkWOt.HIkAnattEk?UnytidstEtsWepinzhnjhstkhathnselDhmfrhpRafhthnd?UzDhpRafitshz?UsIfidkamhdhbhlkWOtmistrjoRjsed.piRIhd.
265,.SiRshndhzhnsImWrIbhtinvestrzdislykhnsrthntIz.
266,.HIsedIikspekthdDhtU?Un?hnztiSeRshminfrmEShneztokspRhgRAspiRIhd.
267,.bhtiTDhjhGkpRandpRhviZhngitsintUDhceRmhnzdRAftDhtWhlgRElIinHAnsHitscAnzhvinAkmhn!.
268,.thdEkamh.AftrlyofshndtRAnzfrzkamh.OnlITRIHhnrdWrkrzRimEnansevhnfloRz.piRIhd.
269,.kudjEHOpsdElimpiksWhlHOphgiv!pROspekshvutHOltin?uRhp@.
270,.DismenThtIkudhnsEDhpRezhdemtREghnWudhksepthtAksinkRIs.
271,.HeltsinmEdiSttWenIfyvdalrzinkAzinDhbAlhnsintin?rpRhfrdsdakvEtWhlpEdivhdemzinstakfrDhfrstfyv?rzinkASDeRAftrpiRIhd.
272,.!DhRiskDuthbandmytbIdwngREdidizolsOinimpoRthntkhnsidrEShnfrinvestrzpiRIhd.
273,.DIapShnWudhlwSeRHOldrztiselDeRSeRzbAktimEzIAthsrthnpRysinfektivlIgeRhntEiGDhvAl?UhvDhSeRz.
274,.bAkstOnzmistrpIRshnpYntswtDhtDhmaRkitkApithlizEShnhvlIgOsik?uRIzistWyshzlaRjhzDhkhbyndmaRkitkAptshvmeRhllinckamh.hmeRhkhnikspRes.AndmAn?hfAkcrzHAnOvr.piRIhd!.
275,.RIshntkhvijhvvhklOziGhvloGHy@hdlytiGkhmphnIznUklIrpwrplAntbRiGnsthlythfAsnetiG@aRnI.
276,.shcImUvWudmEkDhstakpoRShnhvDI@ofrvfaRmoRtRAZrtUpRhfeShnhlinvestrzbhtmytRIkWyridiSnhlfynAnsiG.
277,.DhspRoliGkamhTRIHhnrdHyfhnskWeRHyfhnmyl.shvAnhRhvhkamplhks!ezkhmhnrkhngReShnhlzkUphnI@RIshnlIpiRIhd.
278,.!itsdhbhlkWOt.hblesiGWen?UgatTRIsmolcildRhnkamhdhbhlkWOtmisiz~OmhnsezpiRIhd.
279,.bhtdEnbatsWeRTTRUdAnhlhstAlkREdkaRvrsezshchstRAthjIWudlIvpilzveRIvOlnr@.
280,.noRmlIikstenShnzhvDhnyntIdE~bRUlgRAntidfRIlI.
281,.bOTphtROlIhmhndnAcRhlgAsdhpazhtshskAtrdTRU.RIh!.
282,.bhtHIHAdidWIfIlDhfrstHARIsOldz!AdWeldtiDhstReGkhGiGhvaRbAlhnSIp!piRId!.
283,..hnhDrIstrnpylifsedDAtdispytmistrbrdlIz.pRidisizhmkamhHIkhnsidrdDhkAmpEndEsiksespiRIhd+.
284,.DhprsentizcEnjizsins?iRend.
285,.WiTtUgRAncildRinAnhnhDranDhWESOlHAvplinIhvbiznhs.
286,.!fr.det!kamh@inbRhzilAzinmeksthkO.kamh.izOnlIWhnsydhvDIhkWEZhn!piRIhd!.
287,.DhnkhmphnIkamh@hmEkr@hvRedIHyfhntUHyfhnhnsembhldvRrnincrkamhseditHAzhtOldlhTRImil?hnSeRzwtstAndiGpiRIhd..
288,.!dhbhlkWOtWiTwtitkamh@DhkansthtUShnAlitIhvDhplAnizshspektkamhdhbhlkWOtmistrfRitsedpiRIhd!.
289,.!nevrDhles.kamh.senhjrAksonsedDhtDhmrjrWudbIdetsRhmenthltUDhnASnhlsik?uRtI.piRIhd.
290,.itolsOsedDhjhjSudHAv!diskWalhfytenselfbIghsHIdhbhlkWOtAkthvlIpaRthshpEtiddhbhlkWOtiniventsinvalvdinDhkEspiRIhd.
291,..hfiShlzAtDhkhmphnIsEkAmlondidbhloGanDikendh@hndrpendiGApkWhziShnzinDhfrstplEs.
292,.thdEHwevrkoRpRhtcIitsHAvtUbIkeRpfhlhbwtikspResiGDeRpRejhDisizOphnlnt.
293,.!mistrsymhngatHAfhvDhRYhltIz.
294,.!investhgEtrz!HAvhnditrmhnDhkazkamh.bhtWhnTIrI.pizAtthplEnHAdbinimpRaprlIRIpeRd.bifoRitWhzbatbykanthnenthl.kamh@h?UnithvtekshseRkoRprEShn.piRIhd..
295,.DhlAkhvmaRkit.det!?estrdEinEbhldsevRhllaRjbyoRdrztispaRktDhdalrRAlI!.
296,.wROzhtrjUn?rkamhfoRmrlIsyhnseditrkamh@WhznIndigzek?htivethtrkamh@DhhtapeitiGpOst!piRIhd!.
297,..DhfynAnShltymz.TrdIHyfhnSeRindeksfelsebhntInpYnt.fyvpYnts.thWhnTwzhn.kamh@foRHhndrdsevhnInnynpYntfoR.piRIhd.
298,.hvkoRsWikutHAvbinRoG!.
299,.DhstEtghvrmhntWhlinvestfyvmil?hndalrztUloncDhkhnetikthtsIvencrfhndAndizAskiGpRyvhtindhstRI.tUinvesthbwtinIkWhlhmwnt.piRIhd!.
300,.shm?UkEAnhlhssedbRitiSgAsmytimrjdfAstr+ezhmEjrintrnAShnhlplErifitbatbOvAlI~wtRytRADrDhnpIsmIl.
301,.WrWonhdthkIpaRapShnzOphn!.
302,.DeRWhlbIhkRUdintRistpEhbhlkamhbhtDIhmwntWhlbIditrmhndAftrDIakShnkamhDhtReZrIsedpiRIhd.
303,.itizDhfoRAnsik?uRhtIzfrmDhtHizmOstWydlIRekhdnyzdbyjAphnIzinvestrz.piRIhd.
304,.dhbhlkWOt!olyWontidWhzhcAns.piRIhd!.
305,.nhnDhles!DhmaRkhtWhzkhnsidrdsOvalethlDhtmenIbAGkshndikscEnjHwzid?estrdERif?Uzdti!IvinseldalrztiDhmenIkhsthmrzHUsapDhm.
306,.menhkhlRIsrcrzfRipoRtthdmoRevhnsedhkAnsrvyrzizkhntAmmhnEtiGDhnEShnzshplyOtbAGk.blhd.
307,.inaghst?UzindytidhloGWiTfyvpRinsthntslASnUpoRthfiShlzinkhnekShnWiThnhledskImtikRItIlIghltAkslosizTRUbOkhstak.dIlz.
308,.bizmaRksrvzezEtREdhndSipiGpYntfrhn~eRIhhvlaRjmekhnyzdfaRm.
309,.senthnsiGWhTskejUldfrnekstmhnT.piRIhd!.
310,.AzbestetindhstRIzinkoRprEthddikleRthTRIHyfhnfoRHyfhntUstaksplitkamhpEhbhlEbRhlsevhntInTdistakhvRektrd~EpRhlTrdpiRIhd.
311,.DhkAlhguRIkampleksWhzanDhsytivhdismAnhld~YlRifynrIkamhhndmistrspRoGsezkhntAmhnhntsfRrmDhgRwndkIdOldDhplAntspiRIhd!.
312,.kRAkWhsdiskhvraktObrfiT.WinpEntWhstRipttfrRIpEntiG.piRIhd.
313,.meRhllyncdWhTDhfrstfoRhnfrmdDhsethpSapinjhpAninnyntInsikstIWankamhAnditsezlonjevhtIpEz.bigdividenz.piRIhd.
314,.DIzkhsthmrznOloGgrHAftidIlsepRhtlIWiTnUmrhsbRAncizhndindipendhntdistRib?htrzrwnDhkhntRI!.
315,.DhnASnhlsOzIShnhsik?uRhtIzdIlrzkamhmInWylkamh+esthlEthdefrtstikIptREdrzfrmdhkiGselrzbydhbhlkWOtlakiGdhbhlkWOtklOtsindRif?UziGtiAnsrDeRtREdiGtelhphnspiRIhd.
316,..bhtsUnDeRWhlbIApbhlaprtUnhtIdishmbhl!.
317,.dhbhlkWOt.yTiGitsgREt!kamh@dhbhlkWOtsedinmAliRkamhhfoRmrn?UzRipoRtrhndWhnhvsevRhlindhvijWhlzklyhzfIinjrdbyDhpRhpOzdjYnaprEShnzpiRIhd.
318,.dhbhlkWOt!DeRrsrthntymz.khndUshvtUbRiGiGwtm?UofriGz.piRIhd!dhbhlkWOt.
319,.Dhpap?hlEShnlyvzbyHrdiGgOtshndSIboRpyr.
320,.IvinDhtRhdiShnhlgRInstAmp!mytbikhmhTiGhvDhpAst.piRIhd!.
321,.yRizidenchlpRajektWudbIdhbhlkWOt~hfynhdiShnthDhgOldkOstkamhdhbhlkWOtHIsezkamhdhbhlkWOt.iSudOnlIHAphn.piRIhd.dhbhlkWOt.
322,.shkhnsekShnSeRztipiklIfalOhsIzhnhlsykhlRyziGinfeb?UWeRIindmaRc!hndDenmEkiGWyfrDhfrstsekShnSeRz.
323,.DhfaRmrdIdidbAkHizfaRmtiDhbAGkkamhAnddkAptHhzHwsAndfoREkrzsOHIkudkIphf?UkAvzrpigzinRIzhgaRthn.piRIhd.
324,.menIhgRIDeRizlithltymthWEstinDhskRAmbhlthkRIEtbitrinrnAShnhlReg?hlEShn.piRIhd.
325,.DEwdhdDhtmistrfRImhnHAdhnbinshpInht.AndDhDhfrmHAdhnHAdenIWoRniGDhtenIghvrmhnAkShnWhzimhnin.
326,.Ditsn?UzHAzthbenhfitwgoRzkAnhdhsIHIsed.
327,.EefjIindhstRIzSeRz!klOzdAttWenIEtpYntTRIsevhnfyvdalrzkamh@@hpTrdIsevhnpYntfyvsenspiRIhd.
328,.DeRzshlUShnRIkWyzdivelhpmhnthvDhH?UmhnkhpAshtIfrsOShlintrhst..
329,.pRhsIjrzHAvbinignoRt.
330,.ydidntlykWhtyWhzdUiGezhnenjhniR.
331,.DEv?UhmeRhkhnkhmphnIzmOslIOzkhmpetRhtrz.piRIhd!.
332,.dispytdhbhlkWOtaRg?UmhnzanbOtsydzkamhdhbhlkWOtDhdalrtenztURyzWiTYOlpRyshzkamhmistrgolhvinhvmAn?hfAkcrrzHAndOvrsedpiRIhd.
333,..~aphziShnfRhmkhmpethtrzolsOkhntRib?Utid.tiDIiniShlRIjekShnhvDhmrjr!kamhAndDAtHAzAGgrdsAnhfEigzek?htivz.piRIhd!.
334,.inDhpAsttHIesolAsetsfrmbiggEnzHepiG?UzkoRprEShntikIpgOiG.
335,.dhbhlkWOthnfhndiGenIbadIDitskugiGkamhdhbhlkWOtSIHiztOldrmAnijrzRipItidlIpiRIhd!.
336,.invesmhntbAGkiGRevhnUROzfyprsentisevhnITRImElhndalrzbylAshdmAnhdrmRevhn?UROztWenIfyvprsendthTrdIsiksmylndalrzDEkhmphnIsed.
337,.DhnIkEindeksizhvsimphlpRysAvRrhj!.
338,.bAskApHAzoIzmEntEndDhtkhmpOzrztelhviZhnbRodkAstrzAndolm?Uzh?UzrzSeRkamhnbandWInIdIchDr.
339,.OvrDhpAstmhnT.mistrtRhmHedthfytfrDhcAnzthmEk.gudanHizbOst@.
340,.shvnI+siHIHwspidOkEShnzbhdRisIdmhtbhbladtRAnzf?UZhnzHAdbin~AfekthdWiTDh~EctI~ObIHyfhnWhn.piRIhd!.
341,.meRileRIbEizhytsprzenHrWiTDhkItUDhsitI.
342,.stInlynstynDIedhtrhvDhpRhfeShnhltEkbRIdrWicolsORAGmiDhbaRthminDhsrvEt!dishkRIzWuTsevRhlhshmShnzinmistrHhlbRrtsRAGkiGmeTrd.
343,.DEpRhfrdstakHizolsOkhnvrdhbhlAtsevhntIndalrzhndfiftIsenshSeRRhbwtfyvpYntsevhnDil?hndSeRz.
344,.DIEdsidnoRTolsOhSuRdimlAnOtimbrDhtDhmrIinHAdhnvyhlEtidinHIloz.
345,.ankhmphnIzspuksmhnsedDhfebRUWeRIsElv?UnhkolzYlHyfhnfIldintRist!HAzhntbindisklOzd.dhbhlkWOtbikhzitWhzhnt.mhtiRIhlpiRIhd.dhbhlkWOt.
346,.pRyvhtfRIskUlzWrfoRmdbOTinpuRnEbrHudztAndinmidhlklAskhm?UnitIz.
347,.bikhzitizhblivIhsthdDIrTsplhgiSnhsidivenShlIRhndzhHedhvDIrTIstRItEShntym.
348,.DEbigAnthbildbOtsWiTDhsEmmhtiRIhlzDEUzdfrpoRthbhlSeltrz!.
349,.DhTRIrpAktinklUdzhjabpsik?uRtIpROgRAmDhtpRivenslEoshkseptriGhsElzRappRivensplAntklOziGz!hndslOzitRiShn!.
350,.dYchbAGk.WestjrmhnIzlaRjhstkhmrShlbAGseditWhlRipoRtnyntInEtIsevhnetinkhmDisWIk.
351,..hDrboRdmembrzHOldhDwtsiksprsent!AndHanhlUlUinvestrHeRIWynbrgHOlzhbwtsevhnpYntEtprsent.piRIhd.
352,.inRIshnt?rrzSIHhzpRymhhlIhpiRdhntelhviZhnfilmzshezlithlgloRIh@.
353,.!WIWactHizblhdtestsfrsynzhvlibrdAmijfuliG~ikspektiGDemtigetWrsdatRrkapplhnsez.
354,.mhnIHizfhnjhbhl.piRIhd.
355,..hWhntymrhnhDr.SAmRaksbiznhsintrhstsHAvinbREstbRokAstiGAgRhkhlcr!AdvrtyziG!hndYlfIld!srvishz.
356,.!jhGpandtREdrzedDhtDeRWhzlithlRIAkShntin?UzDhtDhHwshndshnhtnigOSIEtrzhpRUvdsthpstikRAkdhmhRiskinvesmhnsbyTRiftinstitUShnz.
357,..DIavIhslI?alijhzrgudfythndEiGnOtUDhkhlcrhlbaRbeRIhnzhnDhkrntWhzDhmpiRIhd.
358,.buondDAtinkEshzWrhmhlthbhljYnthkwnsrmEntEndinDhsEmenstitUShnRUUlzgitmoRkhmplAks.
359,.titizWhnhvDI+rlIhstAgRhkhlcrhlvilijiz?et.diskhvrdinswTWestEZh@.
360,.AnRhzht.sotbAt.tU@hvYdHAviGtUmEdh.luTToRh-hvjitRiGdisklOZrzstAndrdz.
361,.shmmAps?UzbAndzhvkhlrtiindhkEt!difRhntintrvhlzhvvAl?U.
362,.!HIizhmEjrfig?rhmhGRytrhzHUbREkhWEfrmDhmeRhkhntRhdiShnhvRIlizhm.
363,.dhbhlkWOtymEdDAtmistEkWhnskamh@innyntInsevhntIfoRkamh@dhbhlkWOtHIsedkamhRifriGtUhplejdnattUREzdtAksizinmwshcUshtspiRIhd!.
364,.inhRIlEthdmAtrkamhOkWudesthmEtidDitnHAdinyntInEtIsiksaprEtiGloshvfiftInmil?hndalrz.semIkOlhnitdihn~esthmEt.RevhnUtpiRIhd.
365,.!milhteRIpalhsIWhztihkIpDhtRAvhl@RUtsHOphnAndprtektDhsethldeRIhz.
366,.Dhsthdh?UzizhkamhnmeThdhvmenriGRisnOnetstAndrtivIEShnfRrmDhmInpiRIhd.
367,.ymAselWudnatdRo+enIRIlIsignifikhnttistiGShnzHIsed!.
368,.dhbhlkWOt.mhndEzkRASkasthbwtfyvHhnrdbil?hndalrzinkhnsUmrWelf.kamh.dhbhlkWOtHIsez.piRIhd!.
369,..pRyvhtfRIskUlzWrfoRmdbOTinpuRnEbrhRhdzAndinmidhlklAskhminitIz.
370,.!milhteRIpalhsI!WhztikIpDhtRAvhlRwtsOphn!AndprtAktDhsethldeRIhz.
371,.DIy+aRestHezRisIvd!WhnpYntsiksmil?hn+oRdrfoRmzfoRitsfRIbuklit+anprshnil.Hyfhn.tAkscEnjizAndfIld.WhnpYntWhnmil?hn@hvDem+n.piRIhd.
372,.!HIizhmEjrfig?rhmhGRytrzHUbREkhWEfrmDIhmeRhkhntRhdiShn@hv@RIlizhm!.
373,.lomEkrzhgRIdtUjenrhsigzemShnzanhnhDrkoRpRhtpRhviZhn+AthlostUnDhfedRhlghvrmhnthvhbwtfyvHhndrdtiftIfyvmil?hndalrzOvrtU?rzpiRIhd.
374,.DisishggifikenHIsez.bikhzbandiSUzpEhHyrkhmiShnzhndanhiRhs!.
375,.WonshgenWIsIDhphlitikhlklwthvhnoRghnyzdfAkShn!piRIhd.
376,.izsedDhdividendzWudbItEdinkASRfrfyv?rzAftriSUhns!inhdiSnhlSeRz.
377,.DhdwjOnzindhstRIhlAvRhROzniRlITrdIpYntsinbRhsk!moRniGtREdiG.bhtDIgAnRitRIdiGbnt.
378,.yTiGkitstEnjrhspiRIhddhbhlkWOt.
379,.bizmaRksrvzAzhtREdhdSipiGpYntfoRhneRIh@hvlaRjmekhnyzdfOnz!.
380,..sIprvyzrztOldinvAthfHIdidnsEvkamh@HIWudbItRAnsfrtU@hphziShnkamhAthlOrhsAlrIkamhDhdinnhnvalvphblhkantAkt.piRIhd!.
381,.thgitrwnjAphnIzghvrmhntlimhtsandetRizrvzkamhhgRUphvjAphnIzbAGkstrshmTrdWrlddetinthpRrfrtstakrlIrDis?iR!piRIhd!.
382,.itslIsfImbiznhsolOpOstidRekudRIhlz.piRIhd.
383,.pap?hlEShnlivzbyHrdiGgOtsAndSIpoRbytREdiG.
384,.DhfImElpRhdUsizOlitrhvtUtUfoR?hG@innOvembrAnddisembr.
385,.WIkhmpOzrznIdEvIikhlfoRaRWrt.dibRiGitbIfoRDhphblIkhmbRodkAstrznEdshmTiGtiRtRAktinplIzdDhphblikaRm?Uzik!.
386,.!DhfOkisiDhmIdIh@anhf?UhvDhlaRjhstindhstRIz!dAS!nOthblI~atOzhndstIl!dASolsOplEzitspaRt!piRIhd!.
387,.bhtHIfIlzRelhtivlIsik?uRHIsez.
388,.!itHAznatimpRUvdAndiz.kamh@infAktkamh@gitiGWrspiRIhd!dhbhlkWOt.
389,.HwkWiklIhndpIsfilIDAtpRasezhkrzizhmhmmenIkWeschnzDhtWhdhnsEzthniGplIbhsyd.leftanAnsrd.
390,.DEoltrnsydWEz+hndTlapdwnanIchDrzlAps.piRIhd!.
391,..itstRUDAtDIEjhnsIHAzpRhmithtryzinDhfedfhndzRyt!kamhDhfIcaRjdanRizrvzbAGkslendtUWhnnhDrpiRIhd!.
392,.DhgOldpRaprtIkhnsishvfoRtIsevhnpYntsiksmil?hnthnzWiDhgREthziROpYntziROTRIwnshvgOldhthn.
393,.WitnhssimplAsDIenrvEtivlOkAlrhfAtshbsthtUdfrmnUjrhsWItkhmphnIE?UnhthvmansAntOkhmphnI!.
394,.aRkhHOldzhbwthtWenItUprsentintRistinDhfIldHeksankoRprEShnHAzhbwttWenIprsent!hndbRitiSprtROlImkhmphnIhbwtfiftIprsent!.
395,.DhteknhlajikhlRevhlUShnHAdhksenchWEtid?uRhpsekhnamikWIknhspiRIhd.
396,.HIolsOtRApHrhgenstDhdoRnIzofhs.piRIhd.
397,.btDhRipoRtWhzsInhzfrDr+evhdhnshvimpRUvmhntinmAn?hfAkcriGpiRIhd.
398,.bizmaRksrvzhDhtREdhndSipiGpYnfoRhneRIhvlaRjdtUmekhnyzdfaRmz.
399,.hn?UZUhlIHylevhlzhvREdIEShnWrditektidinmenI?uRhpIhnkhntRIz.
400,..Az?UZhWhl.mil?hnzhvDhdenshHevIkEksWhlbImEndhngivinhzgifst.
401,.bhtHIzkliRlIHwmdihn.
402,.inRIshntsrvEzhmhjoRhtIhbiznhnsikanhmispRidikthRiseShnnekst?iRRI.
403,.HInevrhbtEndhsik?uRAkhdemikphziShn!oRprmhnhntimplYmhnt.
404,..mOstcyldhb?UsinvesthgEShnzhnAlhgEShnzikstRAkthHypRysancildRhnfAmlIzAndDIhk?Uzd.
405,.bht.kamh@HIAdhdkamh.dhbhlkWOt!DhbAGmrspRalIdiGfrkhmitmhntsfrmDhReg?hlEtrz.kamh.hndDhRek?hlitrz!aRWEdiGfoRkhmitmhntsfrmDhbAGkrz.piRIhd.
406,.kAthpilrsezitHAzHejdhgenstRiskfrmfaRhnikscEnjflhcUEShnzanDIintrbAGkmaRkit.HepiGtU!IzdDhfaliGdalrzneghtivimpAkt!.
407,.WylDIzlozmEprtEkt!DhlhkIWrkrzWujabzkamhDEtendhmilhtEt~hgenstD?hGWrtrzlukiGfrRWrkpiRIhd.
408,.DhTRIHyfhnjhjpAnhlinitlAnhWoRdrdDhkEsRitrndtUhlOrkoRt.piRIhd.
409,.DIigzAktdEkkudhnbIditrmhnd.piRIhd.
410,.bhtHIRIshnlIfoRmdhpatnrSip.DAtWhlbyWIkYlsrviskhnsrnzdet.inekWhtIHIsez.
411,.aRdisiZhntiselsistrzRiflektsDAtkliRdrekShn!piRIhd.dhbhlkWOt!.
412,.tUdhmAninDhstRItinjhpAnDIIsIizjhsthninrnAShnhloRghnhzEShnkhmplEniGmistrkugamIsez.
413,.DhsAmphlerWhzplhsoRmynhsfyvprsentijpYntspiRIhd.
414,.speShlvIHikhlzHAvbinbilt.tiskWyrDADhRim..
415,.DhbigspendrUtIn.AskthbwtmylikWhdAsets.yntOWOnkalrhvDeRWhnTwzhndalrzinmymhnImaRk.
416,.fRIkaRzhkAthgoRdprfoRmdpuRlIpOstiGskoRzhbhvWhnTwzhnfrDhdRyvrzsyd.
417,.mistrHenhsIdiklyndhspek?hlEtanHUelzmEimrj+AzhnindipendhntSeRHOldrkamholDOHIseditkudbIWanoRsevRhlinstitUShnzpiRIhd.
418,.HAzmenIimplYrzaRDhbigbROkriz~endiG+AdifyiGdbenhfitplAnDAtpRhvydhdpenShnzbEstanselRI!hnd?rRzhvsrvis.
419,.ynODhtDIhmeRhkhnphblikWhlnwtstInd~ydhlWelistAlbhsthlizrRcEshthDhmaRkitkamhfhndhmenthlIimpoRtinHezWIaR.piRIhd!.
420,.kmindmhntsthpachsmoRijizfrmlIdrzfelzDhTRIpYnsiksbil?hndalrzfrmsikspYntfyvbil?hndalrz.
421,.HizhpROckOlhndhbhlkWOtjismEkssempTiGep.piRIhd.
422,.DhfImElpRhdUshzElitr+hv.tUtifoR?hG@!innOvembr~Anddisembr!.
423,..OvrHAfhvDhstEtsolsOigzempteDhhlfrmpaRthTeROngAshlIntAksizpiRIhd.
424,.DhRizisthnsizlyklIti?UzmoRkhnvenShnhlWoRfeRpiRIhd.
425,.bhtmenItibethnzkhnsidrDhdalIlamhtibIDeRRytfhlphlitikhllIdrezWel.shmTiGDhcynIzkAnthksept+.
426,.loRSymSUkhmphnI!instolizividIOtrmhnhlzDhthlwkhsthmrztioRdrSUzinenIsyzstylinkolr.
427,..HAphthlizbikhmiGkiGhndkEphbhlhvOvrWelmiGthtRAnzIhnhdvAntijizlebrfynAnShlinrvEShnz~AndpRhvyd.piRIhd.
428,.DIWoRmHyfhnlotrpoRt.fhDhsaRzdRInd@hvizWiTinRIc!piRIhd.
429,.DhkansrdzjenrEtidmoRlyvRekrdzpiRIhd!.
430,.!DAtmiksDhpRablhmhlithlHaRdr!.
431,.bIfkwztOthldTRImil?hnfoRHhndrdsevhnITRITwzhnfyvHhndrdhpfoRprsent.
432,.rlIhnizten?rizfynhnhnsteRmhnHImEdplAnzthHOstisiRIzhvpRAfhsfrgWiclabIhsWudbIcaRjdtemTwzhndalrzI.
433,..inRIshnt?rzSIHAzpRymeRhlIhpiRdintelhviZhntilmz.shcezlithlgloRIh@.
434,.inDEt?iRkamhDhsOHyfhnkoldlhkshmbrkampRhmyzgRAndidnembrsEtsDhRyttivItOenIkhm?UnitIdisiZhnWenevrDEfeltEt.dhbhlkWOtvythlintRistdhbhlkWOt.TRethndpiRIhd!.
435,.DhpRasesbyWicDhlenzfOkisizonikstrnhlabjeksizkoldhkamhdEShn!.
436,.bifoR?hkIpDhboks?UHAvthlaRndDhbiznhsfrmpIphlWiTkhchpinDeRvE?hnzHIsez.
437,..DeRznOWIAkhnsOlekIboRdtikhsthmrzinvAnkUvrsezDhRepRizenhtiv+hvE?Ueskhmp?UtrmEkr.
438,.DEkhnolsOSOHwDhSEfhndsyzhvkanthnhntshndOShnzHAvcEnjdOvrtym!.
439,.RepRizenhtizhvDhkRIhnpRasik?UrzofhsWOntsEWeDrDeRinkWrRIzHAvledtighvrmhnthfiShlzpiRIhd.
440,.dhbhlkWOtynkrhjdDhpIphlHi~ROttUmItispIkwthndSOdDhmHekamhdhbhlkWOtSIsezpiRIhd.
441,.simhlr@lI+AtgOldminsAkshndkhmphnIDhdyniGRhmstAftidWiDwtitsAn?UhlpaRtIAndinstedgEvilhncfrhgRUphvHOmhscilRhn.
442,.DIofrikspyrzAdfyvpIemIdItI!jhlyfrst.
443,.+elsWeRkamh@sentRhlfynAnstkoRprEShnzWhnHhndrdTrdImil?hndalrzhvflOtiGHyfhnREt!nOtsWrsedtibIjenrEtiGmadhstdimAnd.piRIhd!.
444,.DhstAcUhhvlibrtIAndelisylhndrWiTinDhn?UjrzIWotrz~hv!nU?oRk.bE!.
445,.!DhRIzhlt.hbUmhnikanhmIAdhtymWiDismEjrtREdiGpaRtnrzrstRhgliGtUhcIvgROT!.
446,.hfAktrGDAtmEksnykIsUz.AngondhnpRavhnhns.HAzU@Rhnd~EjenrEtr.TRIdEzhWIk.tUstEinAprEShn.
447,.infAktDhnhmbrhvhlIdinsitUShnzrTRyviGinpaRtbikhhvhHylIshksesfhlfhnREsiGefrts.
448,.brlinthnHolsOHAzbinWUdiGDhgReshvlIinkoRtthkwnhDhHwsthlbid.piRIhd.
449,.driGDhfalOiG?rzHItRydhnshksesfhlItigetitinthpRrdhkShn.
450,.DhWhnHhndrdHyfhnSeRindeksWhzdwnTrdIfyvpYEtpYntsAtWhnTwzhnkamhsevhnHhndrdfiftIsikspYntEt.piRIhd.
451,.boldHyzvizitthDhvAtikhnWhzHizfrsttRhpwtsydostRIhsinsbIiGilektidpRezhdentlAs?iR.
452,.dhbhlkWOt+ykrhntlIHAvtWentIsikskamrsEShnzinpRagReskamh@dhbhlkWOt.olDO+dhbhlkWOtykAntges.dhbhlkWOtHwmenIWhlpAn@wtkamh@HIsed.piRIhd.
453,.DEhtempthdhRAlIhndmidmoRniGlikWiklIRAnwthvstIm.
454,.DIghvhmhntOninSuRhnsEjhnsIisetthoShnhlffhHyht@RIjnhnsImhnilh.
455,.!DhnAzdAkkhmpazhtindekshvOvrHyfhnDh@HyfhnkwntrstaksklOzdthfRydEHAtTRIHhndrdEtIfyvpYntsikssevhnkamhhbzIROpYntfyvtUpiRIhd.
456,.mistrHAGkOlhvfoRmrdlAnhtrnI!WhzhpYntidshDhTTRImembrbAGk.boRdbypRezhhntREghn!nOvembrsevhnT.
457,.olmOstolstUdhntsHUrhkshphnthmedikhlskUlzhbtEnmedhkhldigRI!.
458,.mistrmoRissedmistrkaRtrzeRIhddhbhlkWOt.HAzbinhloGstAndiGjAlhnjkamh@dhbhlkWOt!bhtHIAdidkOlhn!dhbhlkWOt.spRinscAlhnjizrbRodrdbinsimplIDisiSUpiRIhd.
459,.WestjrmhnhfiShlzDinrjdIzjrmhnhvrsUlIghleksivUtspiRIhd.
460,.DAtsIvinWrsbikhzDOzlo?rzaRinIvinanthdiktUsyd.
461,.DhskamhOnlIDOzHUWantDhdiskwmbwtrzRisIvDempiRIhd.
462,.fhlashfrzhvejhkEShnofhndifrindiv?UzanDhnEcrhvna.
463,.lOkhlzkamhHUnklyndthothmObIlzhndDhshbrbhnkamh~eRHyfhnkhndiShndindoRzkamhrskeptikhlhbwtDhdivelhpmhntpiRIhd!.
464,.HaRpRyzhdensIiznatjistthseRhmOnIOofhs.itsdimAndzaRshcHAsttRyG~enImAnspiRhtintelhjhnzAndphlitikhlskIl.
465,.Hwevr.dhthHAzmaRkhtiGhfvilIEShnzWiTshckhmphnIzizHyhkoRprEShnmeRIakoRprEShn!nASnhlkaRenthlsisthmhnkoRprEtidinelimORenthlkaRz.
466,..pIdrefbeRIshksIdzmistrkhniRinWaSiGthnezhvyspRezhdent!.
467,.DhRytsdividendWhlbIdistRib?UthddisembrfiftInt.tistakhvRekrdaDAtdEt.
468,.SeRHOldrzinklUdiGtapshfiShlzhndfoRstmhnkamh@lithlAmprsAndkhmphnIHAvfyldWiTDhsik?uRhtIzhndikscEnjkhmiShndtofrd.tUpYntfyvmil?hntapskamhnSeRz.piRIhd!.
469,.!E?UestREdhfiShlzsedHIizWaciGDhkhmiShnzdIReg?hlhteRIdRydklOslIkamhbhtdiklyndthkamentanDhpRhpOzhlzpiRIhd!.
470,.pAn~wlsrvisizWelzWhnsDErdRildkamhwmikdrmht.bildzofSSoRdRiliGRegz..
471,.dhbhlkWOt.instedkamhdhbhlkWOtHIAdidkamhdhbhlkWOtWIrplAniGti?UzaRinvesmhntsOWIkhninHAnz~wRkhmpetitivnhspiRIhddhbhlkWOtt.
472,.DEispek?hlEtDhtRhfrmdinWOntthvOtprtekshkObikhzDis?iRpRyskudfolhdmAnijmhntWhn.piRIhd..
473,.DeRshlUShnRIkWyrzdivelhppmhnthvDIH?UmhnkhpAsitIfoRsOShlintrhs.
474,.mistrStWytsrWhlRimEndhnditRytWeRIolsOOvrsIzDhfoRdmOtrkhmphnIhkwt!.
475,..plERytaRTrkaphdROtiskWikhtlIfAstpEstAthbtEShnhvvRabrtdElIzbestselrhbwthphlIsmhnivesthgEtiGHezWySt@REt!.
476,.!iWRIsthdIHaRdRIleRhnzivenShlIWudHAvod@WumhnWIkudevr?Uz!.
477,.menIdaktrzsEDErkhnsidrindhbhlkWOtgOiGbeRkamh@dhbhlkWOtoRpRAthsiGWiTwtlyhbilitIkhvrij.piRIhd!.
478,.!bhtkamhHIsezkamhjistWEthntildhbhlkWOtWhlOdhbhlkWOt.khmzwtpiRIhd.
479,.ifWIdUynkanfhdhn.DAt.Dhsyntisi.jinintek!khnfiksht.
480,.shdhnlI!WoRDhmAhlimhSInztiltsfoRRd.
481,.DhtaRghtWhzWhnhvDIizRElIshvil?hnbhsizDhplyDhWestbAGkhndHAvbikhmfoReRhbRezidhntsimvhlzhvjUiSdamhnEShn!.
482,.sezmistrgEtRIlkamh.dhbhlkWOt.WIWudlhvtigetDhfedrhlghvrmhntinkoRtkamhWeRDEWudHAvthtRythpRUvnAtWhdbik?hlhscaRj.piRIhd.dhbhlkWOt..
483,.itWhzhbiznhshsEZhnsedhnysIndhstRIspOksmhn.
484,.!DeRtelhpoRtsgiRitbighvpaRngOiG@loGjishnsfOnkolzhkhmintinU?oRktelhvOnsWicizfWrmlOkhltelhpOnIzrz.
485,.madrnilektRyiksHhzbikhmHylIdipendhntoninoRg?AnikkemhstRI.
486,.dhftrzrnrvisnhfAthmr!.
487,.HIizhntbIiG?IvEsevRIh.
488,.hfiShlzhvDI?Un?hnsedDhbywtRepRizentsDeRbestcAnthvhviG~enIimflUhnshvDIeRlyn.piRIhd.
489,.Hwevrkamh.sevRhlaRjmaRkhtplErzdiskwnthdDhspek?hlEShnkamh.AstRhsiGDAtkEkEaRsOldAlIzpaRthvhtstEktbikhzitWhzinindifhkhlsicUEShn!piRIhd.
490,.menIoRedIendhzhbEthdikRIsinfedRhlfaRmshbsidEzhndrfyntUniGDeRaprEShnztUbIpRafhthbhlWhDwtDhm.
491,.sOkamh@olinolkamhHyHOpDhnekspRezhdentWhlkhnsidrDhssmolshgjeschn.piRIhd!.
492,.hvDhWhnHhndrd.TrdIsiks.pYntfoRmihnSeRzAtcEnjd~AnzkamhfoRtIEdpYntfyvmilhnSIHizhdvAnsthnTrdInynpYntWhnmil?hndiklynd.piRIhd.
493,.WIdOntTiGgvOtrzSuddRattUmEkhmpeRhshnzbitWInjOIsUzUAndghvhnrd?UkakispiRIhd@.
494,.RimhnkwnI+izbhT@piRIhd!.
495,.hndrjIEtItI@ospisizkamh.teRhkfbARIrzhmhGmIindhstRIhlyzdkhntRIzdAS!inklUdiGjhpAndASWrshksesivlIlOrdtineglhjhbhllevhlzpiRIhd.
496,.klyhnsWudHAvTotitskAndhlistsUDhfAmlIoRkhmphnI!lYr.
497,.DisSOd~inhlEShnizfIzhbhl@indsEfkamhbhtloGgrsthdIzrnIdidtisIvitshfektivinDhloGnhsoRdrpiRIhd.
498,.evrlIHAzDIHistRIthvkhntintRhsRIlEShnzWiD?Un?hnz.
499,.ydROkhmphnIzfEsitbitIk?hlIthfbAthlbikhzDETRedmuRhpIhn@ytOmEkrz.
500,.RynzbAklagEt?uRenWhzhbwt.tUTwzhnnynHhndrd?UnhtsotfRrmtUTwzhnsiksHhndrdEtIfyv!.
501,.mistrshmhzikspeksDhDismInzDhtbyDhfoRT?iRhvhdUkakispRezhdensI!tAkshzWudnIdtibIREzdWhnHhndrdfoRtIbil?hndalrz.
502,.HIolsOizfOkisiGhnpelHeRhldpiRIhd!.
503,.melhnHAz?etthmEkenImUvzIDrWestrswThpenshlvEn?hpiRIhd.
504,.fhdelhtIzshlekthmeRhkhngOldfhndbIgAnseliGindisembrnnyntInEtIfyvinmOstEtspiRIhd.
505,.AtHAlhnbRAndmistrfytsintrbitEShnhvDhkhmphnIzAthtUdWhzsimphlDIOnlIgudkhmpethtrizhdedkhmpethtrHIsez.
506,.Dh~efdIyhsIslAShfeshlysIWudfEshslOlImadrEtiGpRablhmReDrDhnWhnkhntin?UhzlIgROiGpiRIhd.
507,.HIWhzfoRmlIboRdceRnhnhvmEnsEviGzAndWhnbAnkoRp.piRIhd!.
508,.hnhbrhvlaRjRrfynrIzinDhmidkanthnhntRIjhnWhlbIShtfrDhnekstmhnTTrsOfrRUtInmEtnhnskamh+AdiGtishmtytnhsinsply~.piRIhd.
509,.HI?UZhlIputsinhtWelvHyfhnwRrdEindstiksWiTHizAkShnplAnWhnsgOlzrset.piRIhd.
510,.inhdiShnrhjUvhnEtidmElaksbRAndWhlSuRDhspalydWiDhDrhmbistplAnz.
511,.smeldhsIpiRIhd.
512,.bhtmadrEShn+izDhkI.mEzsEgrzsed.
513,.olsfOcUziGDhjAphnIzkrhnsI!WOshsetEnAShnwDeRShmo@dhfilhTROns~E.kamh@DhnAShnhlfRAncrRrlREdpiRIhd.
514,.nEtAGkrizhSipdizyndtikeRIlaRjval?UmzhvYl!oRhDrlikWhdkaRgO.
515,.limitidkamh@hvtRYhkymh.miSikinkamhiinikscEnjhvstak.piRIhd!.
516,.!DhdipaRtmhntsedWEjiz~rRyziG.hnAvRijWhnpYnt.tUprsentinDhfrst?iRhvDhnyntInEtIsikslEbrkantRAks.piRIhd.
517,.DhbAGkhviGgmhndizgiRdtidUiGsik?uRhtIzshprdiShnHIAdhdAnditmEdUDhsik?uRhtizhsOsIEShndUdIfoRAt.
518,.hSevanbinhtOthlhvfyvHhndrdfiftITRimil?hndalrzfHrhstEkbhtitHAzolRedItEkinRytofstUHhvlyktpashbhlos..z.
519,.RAlIzWrmhtik?hlhstDIstEjdRiRIenfoRsDhkAmpEnzmesijhvpEtRItizhmhdapthmizhm.piRIhd.
520,.!milhteRIpalhsIWhztikIpDhtRAvhlwtsOphnAndprtekt.DhsethldeRIhz.
521,.hndrDhpROgRAm.WItkoRnbOthnsoRdimfoRmrzkinrsIvnyntItUprsenthvDeRkRapshpoRtpEmhntshvEdOlplAnt.
522,.innyntInEtIEtkamh.aprEtiG!hnkhmWhziRekhdfoRHhndRrdtWenIfyt.pYntWhnmil?hndalrz.piRIhd.
